epoch,mpjpe_mm,coarse_fixed_pair_mm,refine1_mm,refine2_mm,refine3_mm
1,374.30710815847044,374.249834828094,373.9084763292886,374.04260920893194,374.30710831644103
2,399.09553996868175,398.79749438514006,399.01220526724506,399.0490296223412,399.09554045819556
3,441.12605816308707,441.4136734691378,441.3204232734649,441.1903210115335,441.1260584917049
4,422.76460312236793,422.4062333331274,422.5643712406509,422.6801725379772,422.7646031896517
5,434.05973756045165,433.38359478304966,433.6544552668472,433.8869713878827,434.05973804216444
6,344.78740282585284,344.9979716975752,344.899575590356,344.84669043145055,344.7874030257539
7,394.61521118257673,394.3421880092114,394.324935238298,394.4551525642535,394.6152114214829
8,378.21954089634744,378.051238508556,378.15446427799685,378.2024404851449,378.21954121716425
9,362.83530989063786,362.3435946134946,362.37585055852475,362.5527576405578,362.83531002715563
10,377.9426667646396,378.1338635836642,378.02538468550074,377.96773000728865,377.94266698111784
