group	case	frame_id	index_in_fixed_group
S11	S11_01_308	6	0
S11	S11_12_329	22	16
S11	S11_32_349	39	33
S12	S12_01_331	40	0
S12	S12_27_315	56	16
S12	S12_48_349	73	33
S13	S13_07_304	74	0
S13	S13_28_312	90	16
S13	S13_47_349	107	33
S21	S21_01_301	108	0
S21	S21_19_319	124	16
S21	S21_31_349	140	32
S22	S22_01_301	141	0
S22	S22_31_332	157	16
S22	S22_48_349	173	32
S23	S23_01_301	174	0
S23	S23_30_330	190	16
S23	S23_48_349	206	32
S51	S51_01_301	207	0
S51	S51_12_331	223	16
S51	S51_32_349	239	32
S52	S52_01_301	240	0
S52	S52_18_317	256	16
S52	S52_48_349	272	32
S53	S53_02_301	273	0
S53	S53_19_308	289	16
S53	S53_48_336	305	32
